kelurahan,kecamatan,wilayah_administrasi,luas,satuan,periode_data
PULAU PANGGANG,KEPULAUAN SERIBU UTARA,KEPULAUAN SERIBU,1000,M2,2016
PETOJO SELATAN,GAMBIR,JAKARTA PUSAT,1054,M2,2016
DURI PULO,GAMBIR,JAKARTA PUSAT,2027,M2,2016
KARET TENGSIN,TANAH ABANG,JAKARTA PUSAT,800,M2,2016
PEGANGSAAN,MENTENG,JAKARTA PUSAT,3988,M2,2016
TANAH TINGGI,JOHAR BARU ,JAKARTA PUSAT,1189,M2,2016
TANAH TINGGI,JOHAR BARU ,JAKARTA PUSAT,987,M2,2016
SERDANG,KEMAYORAN,JAKARTA PUSAT,639,M2,2016
HARAPAN MULIA,KEMAYORAN,JAKARTA PUSAT,3446,M2,2016
KARANGANYAR,SAWAH BESAR,JAKARTA PUSAT,5000,M2,2016
MANGGA DUA SELATAN,SAWAH BESAR,JAKARTA PUSAT,5000,M2,2016
PASAR BARU ,SAWAH BESAR,JAKARTA PUSAT,5000,M2,2016
PEGANGSAAN,MENTENG,JAKARTA PUSAT,13331,M2,2016
PADEMANGAN TIMUR,PADEMANGAN ,JAKARTA UTARA,1551,M2,2016
PEJAGALAN,PENJARINGAN,JAKARTA UTARA,5000,M2,2016
PENJARINGAN,PENJARINGAN,JAKARTA UTARA,4741,M2,2016
PENJARINGAN ,PENJARINGAN,JAKARTA UTARA,1290,M2,2016
MARUNDA,CILINCING,JAKARTA UTARA,2777,M2,2016
SUKAPURA,CILINCING,JAKARTA UTARA,1145,M2,2016
RAWA BADAK UTARA,KOJA,JAKARTA UTARA,2000,M2,2016
SUNTER JAYA,TANJUNG PRIOK,JAKARTA UTARA,3513,M2,2016
PEGANGSAAN DUA,KELAPA GADING,JAKARTA UTARA,1500,M2,2016
SEMPER BARAT,CILINCING,JAKARTA UTARA,2388,M2,2016
RAWA BUAYA,CENGKARENG,JAKARTA BARAT,678,M2,2016
PEGADUNGAN,KALIDERES,JAKARTA BARAT,788,M2,2016
KALIDERES,KALIDERES,JAKARTA BARAT,3401,M2,2016
KEDOYA UTARA,KEBON JERUK,JAKARTA BARAT,2374,M2,2016
KEMBANGAN SELATAN,KEMBANGAN,JAKARTA BARAT,2304,M2,2016
MERUYA UTARA,KEMBANGAN,JAKARTA BARAT,4994,M2,2016
KRENDANG,TAMBORA,JAKARTA BARAT,2692,M2,2016
DURI KOSAMBI,CENGKARENG,JAKARTA BARAT,,M2,2016
CENGKARENG TIMUR,CENGKARENG,JAKARTA BARAT,1651,M2,2016
MERUYA SELATAN,KEMBANGAN,JAKARTA BARAT,2028,M2,2016
MERUYA SELATAN,KEMBANGAN,JAKARTA BARAT,2172,M2,2016
CIPETE UTARA,KEBAYORAN BARU,JAKARTA SELATAN,2416,M2,2016
PETUKANGAN SELATAN,PESANGGRAHAN,JAKARTA SELATAN,2030,M2,2016
LEBAK BULUS,CILANDAK,JAKARTA SELATAN,1108,M2,2016
LEBAK BULUS,CILANDAK,JAKARTA SELATAN,980,M2,2016
KEBAGUSAN,PASAR MINGGU,JAKARTA SELATAN,1800,M2,2016
CIGANJUR,JAGAKARSA,JAKARTA SELATAN,6500,M2,2016
MENTENG DALAM ,TEBET,JAKARTA SELATAN,1588,M2,2016
MENTENG ATAS,SETIABUDI,JAKARTA SELATAN,857,M2,2016
PESANGGRAHAN,PESANGGRAHAN,JAKARTA SELATAN,700,M2,2016
BINTARO,PESANGGRAHAN,JAKARTA SELATAN,2800,M2,2016
BINTARO,PESANGGRAHAN,JAKARTA SELATAN,1000,M2,2016
PEJATEN TIMUR,PASAR MINGGGU,JAKARTA SELATAN,1108,M2,2016
CIPINANG BESAR SELATAN,JATINEGARA,JAKARTA TIMUR,3451,M2,2016
PENGGILINGAN,CAKUNG,JAKARTA TIMUR,1675,M2,2016
CAKUNG BARAT,CAKUNG,JAKARTA TIMUR,2500,M2,2016
JATINEGARA,CAKUNG,JAKARTA TIMUR,1094,M2,2016
PULO GEBANG,CAKUNG,JAKARTA TIMUR,3642,M2,2016
UTAN KAYU UTARA,MATRAMAN,JAKARTA TIMUR,2394,M2,2016
CIPINANG BESAR UTARA,JATINEGARA,JAKARTA TIMUR,2500,M2,2016
TENGAH,KRAMAT JATI,JAKARTA TIMUR,3219,M2,2016
CILANGKAP,CIPAYUNG,JAKARTA TIMUR,5818,M2,2016
KEBON PALA,MAKASAR,JAKARTA TIMUR,4609,M2,2016
